<?xml version="1.0" encoding="UTF-8"?><?xml-stylesheet type='text/xsl' href='_UpgradeReport_Files/UpgradeReport.xslt'?><UpgradeLog>
<Properties><Property Name="Solution" Value="ForumGenerator_Client">
</Property><Property Name="Solution File" Value="C:\Users\Irit\Documents\GitHub\ForumGenerator_Version2\ForumGenerator_Client\ForumGenerator_Client.sln">
</Property><Property Name="User Options File" Value="C:\Users\Irit\Documents\GitHub\ForumGenerator_Version2\ForumGenerator_Client\ForumGenerator_Client.suo">
</Property><Property Name="Date" Value="יום ראשון 21 אפריל 2013">
</Property><Property Name="Time" Value="22:36">
</Property></Properties><Event ErrorLevel="0" Project="" Source="ForumGenerator_Client.sln" Description="File successfully backed up as C:\Users\Irit\Documents\GitHub\ForumGenerator_Version2\ForumGenerator_Client\Backup\ForumGenerator_Client.sln">
</Event><Event ErrorLevel="0" Project="" Source="ForumGenerator_Client.suo" Description="File successfully backed up as C:\Users\Irit\Documents\GitHub\ForumGenerator_Version2\ForumGenerator_Client\Backup\ForumGenerator_Client.suo">
</Event><Event ErrorLevel="0" Project="ForumGenerator_Client" Source="ForumGenerator_Client\ForumGenerator_Client.csproj" Description="Project file successfully backed up as C:\Users\Irit\Documents\GitHub\ForumGenerator_Version2\ForumGenerator_Client\Backup\ForumGenerator_Client\ForumGenerator_Client.csproj">
</Event><Event ErrorLevel="0" Project="ForumGenerator_Client" Source="ForumGenerator_Client\ForumGenerator_Client.csproj.user" Description="Project user file successfully backed up as C:\Users\Irit\Documents\GitHub\ForumGenerator_Version2\ForumGenerator_Client\Backup\ForumGenerator_Client\ForumGenerator_Client.csproj.user">
</Event><Event ErrorLevel="0" Project="ForumGenerator_Client" Source="ForumGenerator_Client\Client.cs" Description="File successfully backed up as C:\Users\Irit\Documents\GitHub\ForumGenerator_Version2\ForumGenerator_Client\Backup\ForumGenerator_Client\Client.cs">
</Event><Event ErrorLevel="0" Project="ForumGenerator_Client" Source="ForumGenerator_Client\Communication\Communicator.cs" Description="File successfully backed up as C:\Users\Irit\Documents\GitHub\ForumGenerator_Version2\ForumGenerator_Client\Backup\ForumGenerator_Client\Communication\Communicator.cs">
</Event><Event ErrorLevel="0" Project="ForumGenerator_Client" Source="ForumGenerator_Client\Communication\XmlHandler.cs" Description="File successfully backed up as C:\Users\Irit\Documents\GitHub\ForumGenerator_Version2\ForumGenerator_Client\Backup\ForumGenerator_Client\Communication\XmlHandler.cs">
</Event><Event ErrorLevel="0" Project="ForumGenerator_Client" Source="ForumGenerator_Client\Dialogs\CommentAddingDialog.cs" Description="File successfully backed up as C:\Users\Irit\Documents\GitHub\ForumGenerator_Version2\ForumGenerator_Client\Backup\ForumGenerator_Client\Dialogs\CommentAddingDialog.cs">
</Event><Event ErrorLevel="0" Project="ForumGenerator_Client" Source="ForumGenerator_Client\Dialogs\CommentAddingDialog.Designer.cs" Description="File successfully backed up as C:\Users\Irit\Documents\GitHub\ForumGenerator_Version2\ForumGenerator_Client\Backup\ForumGenerator_Client\Dialogs\CommentAddingDialog.Designer.cs">
</Event><Event ErrorLevel="0" Project="ForumGenerator_Client" Source="ForumGenerator_Client\Dialogs\MainDialog.cs" Description="File successfully backed up as C:\Users\Irit\Documents\GitHub\ForumGenerator_Version2\ForumGenerator_Client\Backup\ForumGenerator_Client\Dialogs\MainDialog.cs">
</Event><Event ErrorLevel="0" Project="ForumGenerator_Client" Source="ForumGenerator_Client\Dialogs\MainDialog.Designer.cs" Description="File successfully backed up as C:\Users\Irit\Documents\GitHub\ForumGenerator_Version2\ForumGenerator_Client\Backup\ForumGenerator_Client\Dialogs\MainDialog.Designer.cs">
</Event><Event ErrorLevel="0" Project="ForumGenerator_Client" Source="ForumGenerator_Client\Dialogs\NewForumDialog.cs" Description="File successfully backed up as C:\Users\Irit\Documents\GitHub\ForumGenerator_Version2\ForumGenerator_Client\Backup\ForumGenerator_Client\Dialogs\NewForumDialog.cs">
</Event><Event ErrorLevel="0" Project="ForumGenerator_Client" Source="ForumGenerator_Client\Dialogs\NewForumDialog.Designer.cs" Description="File successfully backed up as C:\Users\Irit\Documents\GitHub\ForumGenerator_Version2\ForumGenerator_Client\Backup\ForumGenerator_Client\Dialogs\NewForumDialog.Designer.cs">
</Event><Event ErrorLevel="0" Project="ForumGenerator_Client" Source="ForumGenerator_Client\Dialogs\NewSubForumDialog.cs" Description="File successfully backed up as C:\Users\Irit\Documents\GitHub\ForumGenerator_Version2\ForumGenerator_Client\Backup\ForumGenerator_Client\Dialogs\NewSubForumDialog.cs">
</Event><Event ErrorLevel="0" Project="ForumGenerator_Client" Source="ForumGenerator_Client\Dialogs\NewSubForumDialog.Designer.cs" Description="File successfully backed up as C:\Users\Irit\Documents\GitHub\ForumGenerator_Version2\ForumGenerator_Client\Backup\ForumGenerator_Client\Dialogs\NewSubForumDialog.Designer.cs">
</Event><Event ErrorLevel="0" Project="ForumGenerator_Client" Source="ForumGenerator_Client\Dialogs\NewThreadDialog.cs" Description="File successfully backed up as C:\Users\Irit\Documents\GitHub\ForumGenerator_Version2\ForumGenerator_Client\Backup\ForumGenerator_Client\Dialogs\NewThreadDialog.cs">
</Event><Event ErrorLevel="0" Project="ForumGenerator_Client" Source="ForumGenerator_Client\Dialogs\NewThreadDialog.Designer.cs" Description="File successfully backed up as C:\Users\Irit\Documents\GitHub\ForumGenerator_Version2\ForumGenerator_Client\Backup\ForumGenerator_Client\Dialogs\NewThreadDialog.Designer.cs">
</Event><Event ErrorLevel="0" Project="ForumGenerator_Client" Source="ForumGenerator_Client\Properties\AssemblyInfo.cs" Description="File successfully backed up as C:\Users\Irit\Documents\GitHub\ForumGenerator_Version2\ForumGenerator_Client\Backup\ForumGenerator_Client\Properties\AssemblyInfo.cs">
</Event><Event ErrorLevel="0" Project="ForumGenerator_Client" Source="ForumGenerator_Client\Properties\Resources.Designer.cs" Description="File successfully backed up as C:\Users\Irit\Documents\GitHub\ForumGenerator_Version2\ForumGenerator_Client\Backup\ForumGenerator_Client\Properties\Resources.Designer.cs">
</Event><Event ErrorLevel="0" Project="ForumGenerator_Client" Source="ForumGenerator_Client\Properties\Settings.Designer.cs" Description="File successfully backed up as C:\Users\Irit\Documents\GitHub\ForumGenerator_Version2\ForumGenerator_Client\Backup\ForumGenerator_Client\Properties\Settings.Designer.cs">
</Event><Event ErrorLevel="0" Project="ForumGenerator_Client" Source="ForumGenerator_Client\Dialogs\RegistrationDialog.cs" Description="File successfully backed up as C:\Users\Irit\Documents\GitHub\ForumGenerator_Version2\ForumGenerator_Client\Backup\ForumGenerator_Client\Dialogs\RegistrationDialog.cs">
</Event><Event ErrorLevel="0" Project="ForumGenerator_Client" Source="ForumGenerator_Client\Dialogs\RegistrationDialog.Designer.cs" Description="File successfully backed up as C:\Users\Irit\Documents\GitHub\ForumGenerator_Version2\ForumGenerator_Client\Backup\ForumGenerator_Client\Dialogs\RegistrationDialog.Designer.cs">
</Event><Event ErrorLevel="0" Project="ForumGenerator_Client" Source="ForumGenerator_Client\Dialogs\UserLoginDialog.cs" Description="File successfully backed up as C:\Users\Irit\Documents\GitHub\ForumGenerator_Version2\ForumGenerator_Client\Backup\ForumGenerator_Client\Dialogs\UserLoginDialog.cs">
</Event><Event ErrorLevel="0" Project="ForumGenerator_Client" Source="ForumGenerator_Client\Dialogs\UserLoginDialog.Designer.cs" Description="File successfully backed up as C:\Users\Irit\Documents\GitHub\ForumGenerator_Version2\ForumGenerator_Client\Backup\ForumGenerator_Client\Dialogs\UserLoginDialog.Designer.cs">
</Event><Event ErrorLevel="0" Project="ForumGenerator_Client" Source="ForumGenerator_Client\app.config" Description="File successfully backed up as C:\Users\Irit\Documents\GitHub\ForumGenerator_Version2\ForumGenerator_Client\Backup\ForumGenerator_Client\app.config">
</Event><Event ErrorLevel="0" Project="ForumGenerator_Client" Source="ForumGenerator_Client\Properties\Settings.settings" Description="File successfully backed up as C:\Users\Irit\Documents\GitHub\ForumGenerator_Version2\ForumGenerator_Client\Backup\ForumGenerator_Client\Properties\Settings.settings">
</Event><Event ErrorLevel="0" Project="ForumGenerator_Client" Source="ForumGenerator_Client\Dialogs\CommentAddingDialog.resx" Description="File successfully backed up as C:\Users\Irit\Documents\GitHub\ForumGenerator_Version2\ForumGenerator_Client\Backup\ForumGenerator_Client\Dialogs\CommentAddingDialog.resx">
</Event><Event ErrorLevel="0" Project="ForumGenerator_Client" Source="ForumGenerator_Client\Dialogs\MainDialog.resx" Description="File successfully backed up as C:\Users\Irit\Documents\GitHub\ForumGenerator_Version2\ForumGenerator_Client\Backup\ForumGenerator_Client\Dialogs\MainDialog.resx">
</Event><Event ErrorLevel="0" Project="ForumGenerator_Client" Source="ForumGenerator_Client\Dialogs\NewForumDialog.resx" Description="File successfully backed up as C:\Users\Irit\Documents\GitHub\ForumGenerator_Version2\ForumGenerator_Client\Backup\ForumGenerator_Client\Dialogs\NewForumDialog.resx">
</Event><Event ErrorLevel="0" Project="ForumGenerator_Client" Source="ForumGenerator_Client\Dialogs\NewSubForumDialog.resx" Description="File successfully backed up as C:\Users\Irit\Documents\GitHub\ForumGenerator_Version2\ForumGenerator_Client\Backup\ForumGenerator_Client\Dialogs\NewSubForumDialog.resx">
</Event><Event ErrorLevel="0" Project="ForumGenerator_Client" Source="ForumGenerator_Client\Dialogs\NewThreadDialog.resx" Description="File successfully backed up as C:\Users\Irit\Documents\GitHub\ForumGenerator_Version2\ForumGenerator_Client\Backup\ForumGenerator_Client\Dialogs\NewThreadDialog.resx">
</Event><Event ErrorLevel="0" Project="ForumGenerator_Client" Source="ForumGenerator_Client\Properties\Resources.resx" Description="File successfully backed up as C:\Users\Irit\Documents\GitHub\ForumGenerator_Version2\ForumGenerator_Client\Backup\ForumGenerator_Client\Properties\Resources.resx">
</Event><Event ErrorLevel="0" Project="ForumGenerator_Client" Source="ForumGenerator_Client\Dialogs\RegistrationDialog.en-US.resx" Description="File successfully backed up as C:\Users\Irit\Documents\GitHub\ForumGenerator_Version2\ForumGenerator_Client\Backup\ForumGenerator_Client\Dialogs\RegistrationDialog.en-US.resx">
</Event><Event ErrorLevel="0" Project="ForumGenerator_Client" Source="ForumGenerator_Client\Dialogs\RegistrationDialog.resx" Description="File successfully backed up as C:\Users\Irit\Documents\GitHub\ForumGenerator_Version2\ForumGenerator_Client\Backup\ForumGenerator_Client\Dialogs\RegistrationDialog.resx">
</Event><Event ErrorLevel="0" Project="ForumGenerator_Client" Source="ForumGenerator_Client\Dialogs\UserLoginDialog.resx" Description="File successfully backed up as C:\Users\Irit\Documents\GitHub\ForumGenerator_Version2\ForumGenerator_Client\Backup\ForumGenerator_Client\Dialogs\UserLoginDialog.resx">
</Event><Event ErrorLevel="0" Project="ForumGenerator_Client" Source="ForumGenerator_Client\ForumGenerator_Client.csproj" Description="Project converted successfully">
</Event><Event ErrorLevel="3" Project="ForumGenerator_Client" Source="ForumGenerator_Client\ForumGenerator_Client.csproj" Description="Converted">
</Event><Event ErrorLevel="0" Project="" Source="ForumGenerator_Client.sln" Description="Solution converted successfully">
</Event><Event ErrorLevel="3" Project="" Source="ForumGenerator_Client.sln" Description="Converted">
</Event><Event ErrorLevel="0" Project="ForumGenerator_Client" Source="ForumGenerator_Client\app.config" Description="File converted successfully. All &lt;supportedRuntime&gt; and &lt;requiredRuntime&gt; tags were removed to enable the project to build and run with Visual Studio 2005.">
</Event><Event ErrorLevel="3" Project="ForumGenerator_Client" Source="ForumGenerator_Client\app.config" Description="Converted">
</Event></UpgradeLog>